{"cameraMode":{"drawMode":0,"name":"Shaded","section":"Shading Mode"},"sceneLighting":false,"audioPlay":false,"sceneViewState":{"showFog":true,"showMaterialUpdate":false,"showSkybox":false,"showFlares":true,"showImageEffects":true,"showParticleSystems":true},"in2DMode":false,"pivot":{"x":0.22289326786994935,"y":1.0215041637420655,"z":0.725766658782959},"rotation":{"x":0.22222045063972474,"y":-0.7291375398635864,"z":0.27694985270500185,"w":0.5850502848625183},"size":2.8578836917877199,"orthographic":false}