{"cameraMode":{"drawMode":0,"name":"Shaded","section":"Shading Mode"},"sceneLighting":false,"audioPlay":false,"sceneViewState":{"showFog":true,"showMaterialUpdate":false,"showSkybox":false,"showFlares":true,"showImageEffects":true,"showParticleSystems":true},"in2DMode":false,"pivot":{"x":1.8366689682006837,"y":-0.7991304397583008,"z":1.1449222564697266},"rotation":{"x":-0.19198977947235108,"y":0.8077020049095154,"z":-0.38154470920562746,"w":-0.4064309000968933},"size":20.525705337524415,"orthographic":false}