{"cameraMode":{"drawMode":0,"name":"Shaded","section":"Shading Mode"},"sceneLighting":false,"audioPlay":false,"sceneViewState":{"showFog":true,"showMaterialUpdate":false,"showSkybox":false,"showFlares":true,"showImageEffects":true,"showParticleSystems":true},"in2DMode":false,"pivot":{"x":-0.2990245819091797,"y":0.586296558380127,"z":-1.546006202697754},"rotation":{"x":-0.020182030275464059,"y":0.9759586453437805,"z":-0.10315946489572525,"w":-0.1909356564283371},"size":14.281959533691407,"orthographic":false}