{"cameraMode":{"drawMode":0,"name":"Shaded","section":"Shading Mode"},"sceneLighting":false,"audioPlay":false,"sceneViewState":{"showFog":true,"showMaterialUpdate":false,"showSkybox":false,"showFlares":true,"showImageEffects":true,"showParticleSystems":true},"in2DMode":false,"pivot":{"x":0.1135086789727211,"y":1.5374058485031129,"z":0.6986969709396362},"rotation":{"x":0.027965884655714036,"y":-0.9233919978141785,"z":0.3766637444496155,"w":0.06855538487434387},"size":2.8578836917877199,"orthographic":false}