{"cameraMode":{"drawMode":0,"name":"Shaded","section":"Shading Mode"},"sceneLighting":false,"audioPlay":false,"sceneViewState":{"showFog":true,"showMaterialUpdate":false,"showSkybox":false,"showFlares":true,"showImageEffects":true,"showParticleSystems":true},"in2DMode":false,"pivot":{"x":0.28492772579193118,"y":0.0027385950088500978,"z":-0.2851461172103882},"rotation":{"x":0.027965884655714036,"y":-0.9233919978141785,"z":0.3766637444496155,"w":0.06855538487434387},"size":2.857884645462036,"orthographic":false}