{"cameraMode":{"drawMode":0,"name":"Shaded","section":"Shading Mode"},"sceneLighting":true,"audioPlay":false,"sceneViewState":{"showFog":true,"showMaterialUpdate":false,"showSkybox":true,"showFlares":true,"showImageEffects":true,"showParticleSystems":true},"in2DMode":false,"pivot":{"x":4.580676555633545,"y":5.195104598999023,"z":3.0124120712280275},"rotation":{"x":-0.09172412008047104,"y":0.9015101790428162,"z":-0.23529917001724244,"w":-0.35142600536346438},"size":91.32946014404297,"orthographic":false}