{"cameraMode":{"drawMode":0,"name":"Shaded","section":"Shading Mode"},"sceneLighting":true,"audioPlay":false,"sceneViewState":{"showFog":true,"showMaterialUpdate":false,"showSkybox":true,"showFlares":true,"showImageEffects":true,"showParticleSystems":true},"in2DMode":false,"pivot":{"x":27.344202041625978,"y":23.89442253112793,"z":72.05433654785156},"rotation":{"x":0.04109743982553482,"y":0.9298853278160095,"z":-0.34874773025512698,"w":0.10957928746938706},"size":28.600433349609376,"orthographic":false}