{"cameraMode":{"drawMode":0,"name":"Shaded","section":"Shading Mode"},"sceneLighting":false,"audioPlay":false,"sceneViewState":{"showFog":true,"showMaterialUpdate":false,"showSkybox":false,"showFlares":true,"showImageEffects":true,"showParticleSystems":true},"in2DMode":false,"pivot":{"x":16.975027084350587,"y":-3.6579954624176027,"z":43.239715576171878},"rotation":{"x":-0.285365492105484,"y":-0.1439233422279358,"z":0.043415430933237079,"w":-0.9465768337249756},"size":22.0,"orthographic":false}