{"cameraMode":{"drawMode":0,"name":"Shaded","section":"Shading Mode"},"sceneLighting":true,"audioPlay":false,"sceneViewState":{"showFog":true,"showMaterialUpdate":false,"showSkybox":true,"showFlares":true,"showImageEffects":true,"showParticleSystems":true},"in2DMode":false,"pivot":{"x":21.13218879699707,"y":-80.40046691894531,"z":47.7244758605957},"rotation":{"x":0.47830820083618166,"y":0.08535286784172058,"z":-0.046795859932899478,"w":0.8728205561637878},"size":118.99113464355469,"orthographic":false}