{"cameraMode":{"drawMode":0,"name":"Shaded","section":"Shading Mode"},"sceneLighting":true,"audioPlay":false,"sceneViewState":{"showFog":true,"showMaterialUpdate":false,"showSkybox":true,"showFlares":true,"showImageEffects":true,"showParticleSystems":true},"in2DMode":false,"pivot":{"x":11.839025497436524,"y":6.569745063781738,"z":29.01568031311035},"rotation":{"x":-0.27379217743873598,"y":-0.3717276155948639,"z":0.11575065553188324,"w":-0.8794878721237183},"size":42.50296401977539,"orthographic":false}