{"cameraMode":{"drawMode":0,"name":"Shaded","section":"Shading Mode"},"sceneLighting":false,"audioPlay":false,"sceneViewState":{"showFog":true,"showMaterialUpdate":false,"showSkybox":false,"showFlares":true,"showImageEffects":true,"showParticleSystems":true},"in2DMode":false,"pivot":{"x":29.279104232788087,"y":2.3613710403442385,"z":30.8670711517334},"rotation":{"x":0.1148393377661705,"y":0.6592754125595093,"z":-0.10290148109197617,"w":0.7359663248062134},"size":22.031892776489259,"orthographic":false}